"Date ","series ","OPEN ","HIGH ","LOW ","PREV. CLOSE ","ltp ","close ","vwap ","52W H ","52W L ","VOLUME ","VALUE ","No of trades "
"30-Apr-2025","EQ","1,913.00","1,936.90","1,910.30","1,908.80","1,920.10","1,925.00","1,925.02","1,978.90","1,426.80","1,59,68,435","30,73,94,92,241.20","2,75,126"
"29-Apr-2025","EQ","1,918.80","1,928.80","1,900.20","1,920.20","1,906.00","1,908.80","1,909.52","1,978.90","1,426.80","94,59,154","18,06,24,38,512.30","1,86,299"
"28-Apr-2025","EQ","1,911.20","1,929.70","1,908.40","1,911.20","1,921.00","1,920.20","1,922.17","1,978.90","1,426.80","69,60,246","13,37,87,45,824.70","1,55,527"
"25-Apr-2025","EQ","1,924.80","1,933.00","1,891.80","1,916.80","1,908.00","1,911.20","1,911.37","1,978.90","1,426.80","92,50,439","17,68,10,17,343.80","2,01,781"
"24-Apr-2025","EQ","1,910.00","1,923.90","1,905.10","1,923.90","1,914.90","1,916.80","1,916.73","1,978.90","1,426.80","1,29,65,877","24,85,20,91,752.80","2,27,034"
"23-Apr-2025","EQ","1,978.90","1,978.90","1,920.50","1,961.70","1,920.70","1,923.90","1,939.04","1,978.90","1,426.80","1,52,85,321","29,63,89,23,676.10","2,47,823"
"22-Apr-2025","EQ","1,935.00","1,970.60","1,935.00","1,927.10","1,960.00","1,961.70","1,957.16","1,970.60","1,426.80","2,29,80,875","44,97,72,15,852.40","5,12,026"
"21-Apr-2025","EQ","1,924.00","1,950.70","1,910.00","1,906.70","1,925.20","1,927.10","1,930.83","1,950.70","1,426.80","1,71,23,649","33,06,28,32,499.30","4,11,337"
"17-Apr-2025","EQ","1,882.00","1,919.70","1,876.70","1,878.00","1,905.80","1,906.70","1,901.41","1,919.70","1,426.80","1,78,51,542","33,94,31,68,763.20","3,94,807"
"16-Apr-2025","EQ","1,883.80","1,883.80","1,860.50","1,864.90","1,875.90","1,878.00","1,874.15","1,883.80","1,426.80","95,68,410","17,93,26,65,363.90","2,52,887"
"15-Apr-2025","EQ","1,865.00","1,876.80","1,855.00","1,806.75","1,865.60","1,864.90","1,866.76","1,880.00","1,426.80","2,46,49,172","46,01,41,08,976.00","3,60,194"
"11-Apr-2025","EQ","1,774.75","1,819.40","1,774.75","1,765.00","1,805.20","1,806.75","1,803.31","1,880.00","1,426.80","1,63,87,883","29,55,24,99,474.85","3,95,826"
"09-Apr-2025","EQ","1,765.00","1,775.00","1,753.50","1,769.15","1,765.30","1,765.00","1,761.66","1,880.00","1,426.80","1,12,27,304","19,77,87,28,957.55","2,07,950"
"08-Apr-2025","EQ","1,765.00","1,782.00","1,750.30","1,757.70","1,770.15","1,769.15","1,769.16","1,880.00","1,426.80","1,77,81,936","31,45,90,03,790.15","3,55,184"
"07-Apr-2025","EQ","1,762.80","1,779.85","1,738.20","1,817.30","1,760.05","1,757.70","1,759.15","1,880.00","1,426.80","1,89,97,725","33,41,98,75,202.00","3,74,557"
"04-Apr-2025","EQ","1,813.00","1,841.95","1,811.10","1,794.85","1,816.80","1,817.30","1,824.22","1,880.00","1,426.80","1,67,70,227","30,59,26,39,918.20","3,16,416"
"03-Apr-2025","EQ","1,781.10","1,804.00","1,777.00","1,796.90","1,792.80","1,794.85","1,794.09","1,880.00","1,426.80","56,25,019","10,09,18,17,304.10","1,47,618"
"02-Apr-2025","EQ","1,770.70","1,799.20","1,770.70","1,767.85","1,798.90","1,796.90","1,791.24","1,880.00","1,426.80","57,86,782","10,36,55,35,361.90","1,44,509"
"01-Apr-2025","EQ","1,802.00","1,809.90","1,765.35","1,828.20","1,769.90","1,767.85","1,781.74","1,880.00","1,426.80","1,42,55,503","25,39,96,32,617.35","4,09,481"
"28-Mar-2025","EQ","1,829.00","1,836.00","1,805.85","1,825.35","1,825.50","1,828.20","1,821.88","1,880.00","1,421.25","1,43,86,824","26,21,10,31,845.90","2,76,619"
"27-Mar-2025","EQ","1,800.00","1,841.00","1,798.10","1,806.55","1,821.20","1,825.35","1,827.55","1,880.00","1,421.25","2,08,29,050","38,06,61,30,418.30","4,16,415"
"26-Mar-2025","EQ","1,825.00","1,827.50","1,802.00","1,821.45","1,803.00","1,806.55","1,814.11","1,880.00","1,421.25","1,22,39,221","22,20,33,11,052.10","2,65,431"
"25-Mar-2025","EQ","1,804.90","1,843.70","1,801.50","1,800.00","1,816.00","1,821.45","1,825.84","1,880.00","1,421.25","1,95,50,708","35,69,65,16,139.20","4,07,401"
"24-Mar-2025","EQ","1,779.00","1,804.40","1,773.65","1,770.35","1,802.80","1,800.00","1,794.28","1,880.00","1,421.25","86,96,868","15,60,46,55,158.80","2,86,856"
"21-Mar-2025","EQ","1,755.55","1,774.10","1,755.55","1,768.75","1,772.50","1,770.35","1,766.98","1,880.00","1,421.25","1,67,54,132","29,60,41,96,148.95","2,10,244"
"20-Mar-2025","EQ","1,754.00","1,774.00","1,749.30","1,744.10","1,766.60","1,768.75","1,760.62","1,880.00","1,421.25","89,16,989","15,69,93,98,473.15","2,18,030"
"19-Mar-2025","EQ","1,735.00","1,751.00","1,732.20","1,732.20","1,743.95","1,744.10","1,743.72","1,880.00","1,421.25","76,10,703","13,27,09,34,759.25","2,01,878"
"18-Mar-2025","EQ","1,728.00","1,737.40","1,715.05","1,710.40","1,735.60","1,732.20","1,729.28","1,880.00","1,421.25","1,09,53,589","18,94,17,85,563.70","2,48,631"
"17-Mar-2025","EQ","1,705.00","1,724.00","1,705.00","1,706.60","1,710.50","1,710.40","1,711.13","1,880.00","1,421.25","94,75,957","16,21,46,35,449.55","3,65,060"
"13-Mar-2025","EQ","1,716.05","1,720.80","1,700.05","1,711.15","1,705.00","1,706.60","1,711.11","1,880.00","1,421.25","78,68,132","13,46,32,15,400.70","1,85,351"
"12-Mar-2025","EQ","1,691.55","1,718.50","1,691.55","1,685.50","1,711.80","1,711.15","1,710.44","1,880.00","1,421.25","93,92,053","16,06,45,64,334.10","2,77,146"
"11-Mar-2025","EQ","1,682.40","1,694.00","1,670.05","1,687.50","1,687.90","1,685.50","1,685.65","1,880.00","1,421.25","99,49,215","16,77,09,18,814.65","2,72,484"
"10-Mar-2025","EQ","1,689.00","1,699.90","1,683.05","1,689.25","1,688.70","1,687.50","1,689.67","1,880.00","1,421.25","78,02,025","13,18,28,46,005.05","2,84,969"
"07-Mar-2025","EQ","1,682.00","1,701.15","1,677.60","1,691.20","1,688.00","1,689.25","1,690.66","1,880.00","1,421.25","66,86,457","11,30,45,55,576.90","1,91,461"
"06-Mar-2025","EQ","1,687.00","1,699.90","1,672.25","1,690.00","1,692.40","1,691.20","1,686.14","1,880.00","1,421.25","1,64,83,044","27,79,26,85,275.85","3,99,697"
"05-Mar-2025","EQ","1,701.95","1,710.80","1,688.25","1,710.00","1,692.10","1,690.00","1,695.97","1,880.00","1,421.25","1,07,91,936","18,30,27,95,483.00","3,61,183"
"04-Mar-2025","EQ","1,698.00","1,714.30","1,693.25","1,701.55","1,711.30","1,710.00","1,706.30","1,880.00","1,421.25","99,60,479","16,99,55,92,810.65","3,23,741"
"03-Mar-2025","EQ","1,739.80","1,743.05","1,694.10","1,732.40","1,703.55","1,701.55","1,709.27","1,880.00","1,421.25","1,06,02,682","18,12,28,15,702.35","2,98,350"
"28-Feb-2025","EQ","1,685.00","1,737.25","1,685.00","1,700.70","1,730.15","1,732.40","1,721.14","1,880.00","1,397.30","2,72,58,364","46,91,55,54,649.05","4,39,035"
"27-Feb-2025","EQ","1,682.55","1,710.75","1,682.55","1,682.35","1,698.25","1,700.70","1,701.04","1,880.00","1,397.30","1,78,93,400","30,43,73,23,745.00","3,33,728"
"25-Feb-2025","EQ","1,671.10","1,688.00","1,671.10","1,677.10","1,680.85","1,682.35","1,681.80","1,880.00","1,397.30","1,20,69,354","20,29,82,55,600.95","2,22,521"
"24-Feb-2025","EQ","1,681.10","1,684.20","1,661.10","1,692.50","1,677.00","1,677.10","1,672.34","1,880.00","1,397.30","1,03,46,823","17,30,34,02,535.10","2,45,559"
"21-Feb-2025","EQ","1,680.90","1,694.95","1,677.25","1,687.10","1,690.00","1,692.50","1,686.23","1,880.00","1,397.30","78,40,470","13,22,08,29,593.15","2,92,907"
"20-Feb-2025","EQ","1,711.00","1,714.70","1,685.30","1,727.20","1,685.95","1,687.10","1,695.04","1,880.00","1,397.30","1,31,95,255","22,36,64,35,828.30","2,46,655"
"19-Feb-2025","EQ","1,717.00","1,737.90","1,712.45","1,723.05","1,725.05","1,727.20","1,727.42","1,880.00","1,397.30","59,42,056","10,26,44,54,339.75","3,00,603"
"18-Feb-2025","EQ","1,713.05","1,731.55","1,706.15","1,717.35","1,723.00","1,723.05","1,721.09","1,880.00","1,397.30","81,75,455","14,07,06,71,116.40","3,22,226"
"17-Feb-2025","EQ","1,685.20","1,720.00","1,681.25","1,694.85","1,719.00","1,717.35","1,702.14","1,880.00","1,397.30","64,69,473","11,01,19,75,039.00","2,62,946"
"14-Feb-2025","EQ","1,701.90","1,701.90","1,680.00","1,697.70","1,694.40","1,694.85","1,690.46","1,880.00","1,363.55","99,79,946","16,87,06,60,139.45","3,09,031"
"13-Feb-2025","EQ","1,699.00","1,714.25","1,693.55","1,706.80","1,698.95","1,697.70","1,702.88","1,880.00","1,363.55","63,01,217","10,73,02,16,799.15","2,00,278"
"12-Feb-2025","EQ","1,693.00","1,712.00","1,681.20","1,701.40","1,710.65","1,706.80","1,696.59","1,880.00","1,363.55","1,14,04,785","19,34,92,71,431.55","2,86,053"
"11-Feb-2025","EQ","1,703.00","1,711.00","1,688.70","1,715.75","1,700.95","1,701.40","1,700.06","1,880.00","1,363.55","1,13,62,352","19,31,66,30,388.15","1,82,730"
"10-Feb-2025","EQ","1,717.30","1,723.45","1,708.50","1,732.75","1,716.60","1,715.75","1,715.57","1,880.00","1,363.55","85,97,975","14,75,03,90,095.15","1,75,150"
"07-Feb-2025","EQ","1,750.00","1,767.00","1,725.00","1,743.85","1,732.00","1,732.75","1,744.99","1,880.00","1,363.55","1,17,54,800","20,51,20,07,682.55","3,26,327"
"06-Feb-2025","EQ","1,735.50","1,749.00","1,724.00","1,737.80","1,746.50","1,743.85","1,735.75","1,880.00","1,363.55","1,33,80,358","23,22,50,08,521.55","2,25,108"
"05-Feb-2025","EQ","1,733.00","1,744.20","1,718.90","1,720.90","1,734.80","1,737.80","1,733.84","1,880.00","1,363.55","1,18,37,753","20,52,47,85,237.35","2,75,185"
"04-Feb-2025","EQ","1,688.70","1,725.80","1,680.05","1,678.00","1,716.30","1,720.90","1,710.93","1,880.00","1,363.55","1,43,08,251","24,48,03,95,914.25","3,42,091"
"03-Feb-2025","EQ","1,670.00","1,686.80","1,663.45","1,690.95","1,679.60","1,678.00","1,679.49","1,880.00","1,363.55","1,01,38,270","17,02,70,93,333.70","2,30,780"
"01-Feb-2025","EQ","1,697.50","1,713.00","1,676.05","1,698.75","1,692.00","1,690.95","1,694.22","1,880.00","1,363.55","27,93,764","4,73,32,38,897.95","88,839"
"31-Jan-2025","EQ","1,687.25","1,704.70","1,683.95","1,691.50","1,699.50","1,698.75","1,696.52","1,880.00","1,363.55","79,10,843","13,42,08,73,179.40","2,15,938"
"30-Jan-2025","EQ","1,681.00","1,697.90","1,672.55","1,677.30","1,693.10","1,691.50","1,685.73","1,880.00","1,363.55","1,28,72,423","21,69,94,04,205.05","2,63,161"
"29-Jan-2025","EQ","1,675.00","1,681.15","1,668.85","1,670.40","1,676.00","1,677.30","1,675.45","1,880.00","1,363.55","63,09,945","10,57,19,94,646.45","1,96,187"
"28-Jan-2025","EQ","1,647.00","1,684.30","1,647.00","1,629.80","1,673.30","1,670.40","1,670.57","1,880.00","1,363.55","1,50,89,656","25,20,82,71,808.85","3,50,835"
"27-Jan-2025","EQ","1,641.10","1,643.60","1,626.00","1,649.80","1,629.50","1,629.80","1,632.37","1,880.00","1,363.55","1,14,02,083","18,61,24,39,467.95","2,77,125"
"24-Jan-2025","EQ","1,660.00","1,670.30","1,644.50","1,664.90","1,645.00","1,649.80","1,658.68","1,880.00","1,363.55","1,21,18,100","20,10,00,37,678.05","2,71,994"
"23-Jan-2025","EQ","1,687.00","1,687.00","1,651.25","1,666.05","1,665.00","1,664.90","1,665.84","1,880.00","1,363.55","1,74,54,579","29,07,65,66,202.70","4,45,411"
"22-Jan-2025","EQ","1,642.40","1,671.90","1,625.45","1,642.40","1,671.90","1,666.05","1,653.85","1,880.00","1,363.55","1,53,09,653","25,31,98,45,164.80","3,67,130"
"21-Jan-2025","EQ","1,658.25","1,661.05","1,633.05","1,651.25","1,645.75","1,642.40","1,645.24","1,880.00","1,363.55","1,55,79,072","25,63,13,80,761.95","2,70,722"
"20-Jan-2025","EQ","1,626.00","1,660.95","1,626.00","1,636.75","1,652.85","1,651.25","1,646.81","1,880.00","1,363.55","87,78,809","14,45,70,09,775.10","2,26,533"
"17-Jan-2025","EQ","1,643.50","1,650.50","1,628.50","1,652.05","1,636.70","1,636.75","1,636.01","1,880.00","1,363.55","1,15,56,038","18,90,57,38,551.00","2,14,237"
"16-Jan-2025","EQ","1,652.85","1,660.55","1,642.85","1,643.05","1,654.85","1,652.05","1,650.92","1,880.00","1,363.55","1,06,06,227","17,51,00,25,478.45","2,15,124"
"15-Jan-2025","EQ","1,656.50","1,662.70","1,636.30","1,646.60","1,645.70","1,643.05","1,648.56","1,880.00","1,363.55","70,11,446","11,55,88,19,066.05","2,07,907"
"14-Jan-2025","EQ","1,639.90","1,656.20","1,637.00","1,630.85","1,650.75","1,646.60","1,646.85","1,880.00","1,363.55","1,33,30,716","21,95,36,39,202.10","3,15,905"
"13-Jan-2025","EQ","1,640.00","1,646.75","1,624.30","1,656.75","1,632.10","1,630.85","1,634.50","1,880.00","1,363.55","1,08,34,533","17,70,90,48,137.70","2,75,849"
"10-Jan-2025","EQ","1,671.00","1,674.90","1,654.00","1,667.80","1,657.00","1,656.75","1,664.65","1,880.00","1,363.55","87,26,640","14,52,68,37,756.80","2,15,325"
"09-Jan-2025","EQ","1,684.15","1,689.00","1,658.10","1,694.30","1,668.80","1,667.80","1,668.10","1,880.00","1,363.55","2,02,10,111","33,71,25,59,507.35","4,84,900"
"08-Jan-2025","EQ","1,708.25","1,711.65","1,683.35","1,713.40","1,694.20","1,694.30","1,694.07","1,880.00","1,363.55","98,69,095","16,71,89,30,725.70","3,33,259"
"07-Jan-2025","EQ","1,715.00","1,721.00","1,700.00","1,710.50","1,712.95","1,713.40","1,712.76","1,880.00","1,363.55","67,63,953","11,58,50,14,112.50","1,83,035"
"06-Jan-2025","EQ","1,740.10","1,757.20","1,705.80","1,749.20","1,711.00","1,710.50","1,725.21","1,880.00","1,363.55","94,08,174","16,23,10,88,938.60","2,86,152"
"03-Jan-2025","EQ","1,791.00","1,795.25","1,746.30","1,793.75","1,748.40","1,749.20","1,758.60","1,880.00","1,363.55","1,22,13,097","21,47,79,58,569.15","3,31,392"
"02-Jan-2025","EQ","1,777.10","1,803.45","1,773.00","1,782.75","1,792.35","1,793.75","1,792.00","1,880.00","1,363.55","92,79,288","16,62,84,52,536.95","2,07,825"
"01-Jan-2025","EQ","1,773.45","1,794.00","1,761.10","1,772.85","1,784.95","1,782.75","1,781.22","1,880.00","1,363.55","36,56,903","6,51,37,66,065.70","1,37,050"
"31-Dec-2024","EQ","1,770.30","1,781.80","1,765.60","1,777.90","1,772.00","1,772.85","1,773.08","1,880.00","1,363.55","70,58,618","12,51,54,66,451.75","1,78,863"
"30-Dec-2024","EQ","1,792.20","1,815.00","1,771.00","1,798.25","1,784.00","1,777.90","1,785.20","1,880.00","1,363.55","1,11,11,109","19,83,56,03,545.90","2,42,576"
"27-Dec-2024","EQ","1,794.80","1,805.95","1,789.10","1,790.75","1,801.00","1,798.25","1,796.11","1,880.00","1,363.55","36,29,665","6,51,92,60,348.40","1,18,374"
"26-Dec-2024","EQ","1,798.55","1,812.00","1,780.75","1,798.10","1,792.50","1,790.75","1,793.76","1,880.00","1,363.55","52,40,839","9,40,08,10,018.35","2,06,346"
"24-Dec-2024","EQ","1,802.05","1,808.70","1,789.55","1,801.00","1,799.65","1,798.10","1,798.76","1,880.00","1,363.55","72,42,917","13,02,82,70,259.60","1,86,401"
"23-Dec-2024","EQ","1,782.00","1,806.00","1,781.30","1,771.50","1,802.00","1,801.00","1,798.41","1,880.00","1,363.55","55,22,296","9,93,13,39,240.15","1,96,041"
"20-Dec-2024","EQ","1,782.20","1,797.55","1,767.05","1,793.50","1,777.10","1,771.50","1,778.49","1,880.00","1,363.55","1,28,46,174","22,84,68,37,948.65","2,48,859"
"19-Dec-2024","EQ","1,799.60","1,801.10","1,779.00","1,810.70","1,794.00","1,793.50","1,791.37","1,880.00","1,363.55","1,26,90,385","22,73,31,48,296.10","2,26,833"
"18-Dec-2024","EQ","1,829.85","1,836.00","1,807.15","1,833.25","1,812.00","1,810.70","1,817.52","1,880.00","1,363.55","1,17,11,156","21,28,52,73,596.85","2,35,785"
"17-Dec-2024","EQ","1,856.35","1,862.35","1,826.50","1,865.20","1,829.90","1,833.25","1,840.34","1,880.00","1,363.55","1,05,39,766","19,39,67,85,094.90","2,73,231"
"16-Dec-2024","EQ","1,865.10","1,869.95","1,855.25","1,871.75","1,862.00","1,865.20","1,863.37","1,880.00","1,363.55","65,53,541","12,21,17,02,096.00","1,77,602"
"13-Dec-2024","EQ","1,862.50","1,875.00","1,829.25","1,859.25","1,873.30","1,871.75","1,858.29","1,880.00","1,363.55","95,04,501","17,66,20,74,120.80","2,18,405"
"12-Dec-2024","EQ","1,851.00","1,868.65","1,848.70","1,863.10","1,858.00","1,859.25","1,858.38","1,880.00","1,363.55","86,46,895","16,06,92,41,440.60","2,01,479"
"11-Dec-2024","EQ","1,861.70","1,871.90","1,856.75","1,868.10","1,862.50","1,863.10","1,864.00","1,880.00","1,363.55","70,22,713","13,09,03,28,471.35","2,33,801"
"10-Dec-2024","EQ","1,877.70","1,877.70","1,858.55","1,870.00","1,867.65","1,868.10","1,867.30","1,880.00","1,363.55","66,62,740","12,44,13,43,169.15","2,31,195"
"09-Dec-2024","EQ","1,853.65","1,880.00","1,849.00","1,855.85","1,867.55","1,870.00","1,871.09","1,880.00","1,363.55","1,34,73,956","25,21,10,39,597.45","2,34,236"
"06-Dec-2024","EQ","1,857.00","1,864.20","1,844.00","1,865.75","1,855.45","1,855.85","1,856.73","1,879.95","1,363.55","88,91,578","16,50,93,03,748.10","3,06,905"
"05-Dec-2024","EQ","1,860.00","1,879.95","1,835.20","1,860.10","1,864.85","1,865.75","1,862.43","1,879.95","1,363.55","1,98,41,357","36,95,30,40,114.30","4,36,462"
"04-Dec-2024","EQ","1,838.00","1,865.00","1,831.15","1,826.30","1,856.80","1,860.10","1,854.85","1,865.00","1,363.55","2,23,34,542","41,42,72,49,107.90","4,36,235"
"03-Dec-2024","EQ","1,822.70","1,837.40","1,816.10","1,804.70","1,825.30","1,826.30","1,827.25","1,837.40","1,363.55","2,17,05,121","39,66,07,23,545.25","3,04,635"
"02-Dec-2024","EQ","1,803.50","1,808.15","1,775.00","1,796.05","1,805.95","1,804.70","1,791.81","1,836.10","1,363.55","75,55,438","13,53,79,40,498.05","2,19,254"
"29-Nov-2024","EQ","1,801.30","1,804.60","1,782.90","1,793.15","1,795.50","1,796.05","1,793.91","1,836.10","1,363.55","1,38,34,768","24,81,83,89,358.55","3,77,555"
"28-Nov-2024","EQ","1,819.00","1,836.10","1,788.00","1,812.30","1,793.00","1,793.15","1,808.45","1,836.10","1,363.55","1,78,61,196","32,30,11,09,888.90","3,79,898"
"27-Nov-2024","EQ","1,789.90","1,817.35","1,785.15","1,785.55","1,809.50","1,812.30","1,801.57","1,817.35","1,363.55","1,63,57,488","29,46,92,24,217.60","3,30,771"
"26-Nov-2024","EQ","1,810.00","1,810.00","1,769.80","1,785.60","1,786.40","1,785.55","1,784.75","1,810.00","1,363.55","1,54,67,783","27,60,60,61,237.40","2,61,322"
"25-Nov-2024","EQ","1,785.05","1,803.55","1,764.90","1,745.60","1,778.95","1,785.60","1,784.46","1,803.55","1,363.55","21,38,68,637","3,81,63,91,43,690.10","6,00,228"
"22-Nov-2024","EQ","1,743.55","1,754.30","1,729.55","1,741.20","1,742.10","1,745.60","1,743.57","1,794.00","1,363.55","1,23,86,806","21,59,72,23,792.50","2,60,956"
"21-Nov-2024","EQ","1,749.40","1,759.00","1,734.20","1,742.25","1,739.95","1,741.20","1,743.63","1,794.00","1,363.55","1,78,58,256","31,13,81,62,734.40","3,68,837"
"19-Nov-2024","EQ","1,714.00","1,753.75","1,702.70","1,705.10","1,736.00","1,742.25","1,739.10","1,794.00","1,363.55","2,54,90,636","44,33,08,62,947.85","4,58,303"
"18-Nov-2024","EQ","1,700.00","1,718.90","1,695.00","1,692.75","1,708.30","1,705.10","1,707.94","1,794.00","1,363.55","1,35,40,984","23,12,71,23,855.10","2,91,631"
"14-Nov-2024","EQ","1,673.10","1,704.85","1,672.10","1,681.35","1,692.40","1,692.75","1,692.96","1,794.00","1,363.55","1,35,73,235","22,97,89,07,908.45","3,31,159"
"13-Nov-2024","EQ","1,716.75","1,729.40","1,673.00","1,718.20","1,688.15","1,681.35","1,699.70","1,794.00","1,363.55","1,78,64,250","30,36,39,47,641.30","3,84,592"
"12-Nov-2024","EQ","1,772.00","1,775.00","1,708.65","1,766.30","1,719.00","1,718.20","1,731.71","1,794.00","1,363.55","1,56,97,703","27,18,38,31,491.15","4,10,691"
"11-Nov-2024","EQ","1,754.55","1,782.80","1,751.20","1,754.45","1,763.90","1,766.30","1,768.85","1,794.00","1,363.55","1,22,82,681","21,72,62,35,735.65","3,66,875"
"08-Nov-2024","EQ","1,752.00","1,761.80","1,745.85","1,746.55","1,751.90","1,754.45","1,754.62","1,794.00","1,363.55","99,51,493","17,46,10,70,459.45","2,53,333"
"07-Nov-2024","EQ","1,744.30","1,760.95","1,738.00","1,755.25","1,743.50","1,746.55","1,746.60","1,794.00","1,363.55","94,47,728","16,50,13,84,112.80","3,15,964"
"06-Nov-2024","EQ","1,771.50","1,771.50","1,745.35","1,757.85","1,756.00","1,755.25","1,753.58","1,794.00","1,363.55","1,38,93,955","24,36,42,01,740.05","2,49,677"
"05-Nov-2024","EQ","1,703.00","1,762.70","1,697.90","1,714.10","1,753.50","1,757.85","1,736.40","1,794.00","1,363.55","2,21,16,203","38,40,25,43,188.05","3,62,395"
"04-Nov-2024","EQ","1,745.00","1,745.00","1,710.90","1,737.30","1,716.80","1,714.10","1,723.47","1,794.00","1,363.55","1,40,44,624","24,20,55,13,156.95","3,42,162"
"01-Nov-2024","EQ","1,733.00","1,744.10","1,726.10","1,735.70","1,737.00","1,737.30","1,738.79","1,794.00","1,363.55","8,79,846","1,52,98,70,165.60","69,860"
"31-Oct-2024","EQ","1,728.00","1,738.90","1,719.40","1,734.60","1,734.30","1,735.70","1,731.49","1,794.00","1,363.55","1,14,47,956","19,82,20,46,508.90","2,77,300"
"30-Oct-2024","EQ","1,742.00","1,754.75","1,724.20","1,751.85","1,737.00","1,734.60","1,736.38","1,794.00","1,363.55","1,63,57,862","28,40,34,32,611.95","3,50,916"
"29-Oct-2024","EQ","1,726.15","1,764.00","1,725.10","1,734.20","1,749.75","1,751.85","1,744.14","1,794.00","1,363.55","1,78,97,463","31,21,57,11,397.75","3,81,375"
"28-Oct-2024","EQ","1,742.00","1,751.00","1,728.90","1,743.40","1,737.00","1,734.20","1,738.17","1,794.00","1,363.55","1,10,06,071","19,13,04,22,535.50","3,34,425"
"25-Oct-2024","EQ","1,755.00","1,757.85","1,728.70","1,749.65","1,745.80","1,743.40","1,740.64","1,794.00","1,363.55","1,30,65,239","22,74,18,61,620.40","3,37,950"
"24-Oct-2024","EQ","1,738.10","1,768.65","1,738.10","1,735.80","1,750.50","1,749.65","1,755.99","1,794.00","1,363.55","1,54,16,129","27,07,05,10,755.60","3,42,755"
"23-Oct-2024","EQ","1,705.05","1,746.50","1,705.05","1,714.55","1,736.20","1,735.80","1,736.32","1,794.00","1,363.55","1,90,18,045","33,02,15,03,108.55","3,86,048"
"22-Oct-2024","EQ","1,730.05","1,740.00","1,710.70","1,728.70","1,714.80","1,714.55","1,721.78","1,794.00","1,363.55","1,94,37,640","33,46,73,38,354.45","4,11,821"
"21-Oct-2024","EQ","1,715.00","1,748.15","1,711.05","1,681.85","1,725.00","1,728.70","1,732.82","1,794.00","1,363.55","2,32,74,177","40,33,00,32,735.80","5,74,448"
"18-Oct-2024","EQ","1,663.10","1,691.00","1,654.10","1,673.15","1,684.80","1,681.85","1,674.90","1,794.00","1,363.55","1,24,04,862","20,77,68,48,848.90","2,32,916"
"17-Oct-2024","EQ","1,694.95","1,697.65","1,665.20","1,699.80","1,672.70","1,673.15","1,676.22","1,794.00","1,363.55","73,47,866","12,31,66,27,212.90","1,99,044"
"16-Oct-2024","EQ","1,680.10","1,707.95","1,680.10","1,684.10","1,700.45","1,699.80","1,698.75","1,794.00","1,363.55","1,02,35,341","17,38,73,34,812.90","2,44,836"
"15-Oct-2024","EQ","1,694.00","1,698.00","1,675.50","1,688.10","1,686.00","1,684.10","1,684.09","1,794.00","1,363.55","98,25,565","16,54,70,93,800.10","1,95,771"
"14-Oct-2024","EQ","1,656.05","1,692.05","1,654.00","1,651.00","1,689.00","1,688.10","1,682.72","1,794.00","1,363.55","92,63,754","15,58,82,85,093.55","2,61,742"
"11-Oct-2024","EQ","1,664.45","1,664.45","1,643.25","1,662.40","1,651.50","1,651.00","1,651.51","1,794.00","1,363.55","1,18,36,297","19,54,77,19,278.00","1,86,378"
"10-Oct-2024","EQ","1,639.00","1,665.45","1,632.50","1,633.15","1,661.00","1,662.40","1,649.38","1,794.00","1,363.55","1,08,77,383","17,94,09,24,970.40","2,44,906"
"09-Oct-2024","EQ","1,649.50","1,656.75","1,628.70","1,651.05","1,638.00","1,633.15","1,640.12","1,794.00","1,363.55","2,05,62,821","33,72,55,05,661.60","4,42,682"
"08-Oct-2024","EQ","1,630.00","1,656.80","1,622.00","1,617.80","1,651.25","1,651.05","1,645.56","1,794.00","1,363.55","1,48,67,203","24,46,49,06,859.05","3,57,296"
"07-Oct-2024","EQ","1,652.20","1,659.00","1,613.00","1,657.65","1,623.05","1,617.80","1,631.55","1,794.00","1,363.55","4,72,29,148","77,05,68,14,750.10","5,35,347"
"04-Oct-2024","EQ","1,674.50","1,690.65","1,653.00","1,682.00","1,661.25","1,657.65","1,673.77","1,794.00","1,363.55","2,43,41,616","40,74,21,81,439.25","4,19,392"
"03-Oct-2024","EQ","1,715.65","1,726.15","1,673.35","1,726.20","1,681.00","1,682.00","1,694.79","1,794.00","1,363.55","2,42,36,699","41,07,62,20,098.05","5,20,129"
"01-Oct-2024","EQ","1,724.00","1,742.00","1,720.10","1,732.05","1,728.30","1,726.20","1,725.83","1,794.00","1,363.55","1,22,86,142","21,20,38,53,820.45","2,37,679"
"30-Sep-2024","EQ","1,748.80","1,751.45","1,724.40","1,752.65","1,732.00","1,732.05","1,734.57","1,794.00","1,363.55","1,31,91,767","22,88,20,63,615.10","3,43,613"
"27-Sep-2024","EQ","1,777.00","1,778.20","1,750.00","1,783.45","1,753.00","1,752.65","1,759.73","1,794.00","1,363.55","1,78,06,751","31,33,50,62,628.80","3,39,917"
"26-Sep-2024","EQ","1,773.05","1,788.00","1,768.05","1,779.10","1,778.00","1,783.45","1,778.51","1,794.00","1,363.55","1,59,49,822","28,36,69,59,862.95","3,43,553"
"25-Sep-2024","EQ","1,760.15","1,788.00","1,760.15","1,768.05","1,779.85","1,779.10","1,778.97","1,794.00","1,363.55","1,59,82,656","28,43,25,92,068.70","4,98,237"
"24-Sep-2024","EQ","1,765.00","1,781.65","1,754.25","1,759.80","1,766.70","1,768.05","1,768.80","1,794.00","1,363.55","1,65,19,518","29,21,97,57,725.30","4,04,809"
"23-Sep-2024","EQ","1,749.00","1,766.35","1,740.25","1,741.20","1,757.00","1,759.80","1,756.93","1,794.00","1,363.55","1,34,82,675","23,68,80,96,929.70","4,49,232"
"20-Sep-2024","EQ","1,716.50","1,744.95","1,707.55","1,708.50","1,737.20","1,741.20","1,734.60","1,794.00","1,363.55","3,03,11,693","52,57,86,27,456.00","5,19,608"
"19-Sep-2024","EQ","1,699.20","1,719.00","1,699.15","1,694.80","1,707.70","1,708.50","1,710.95","1,794.00","1,363.55","1,53,25,888","26,22,17,70,150.40","3,47,649"
"18-Sep-2024","EQ","1,671.85","1,698.90","1,671.10","1,668.80","1,692.95","1,694.80","1,691.30","1,794.00","1,363.55","2,04,58,671","34,60,16,83,780.25","4,47,311"
"17-Sep-2024","EQ","1,678.00","1,678.00","1,664.15","1,670.95","1,668.30","1,668.80","1,668.90","1,794.00","1,363.55","1,00,63,561","16,79,50,97,219.15","2,73,207"
"16-Sep-2024","EQ","1,667.00","1,677.80","1,664.05","1,665.95","1,670.00","1,670.95","1,670.83","1,794.00","1,363.55","75,86,410","12,67,56,30,406.45","2,14,575"
"13-Sep-2024","EQ","1,674.00","1,674.00","1,657.05","1,666.60","1,664.80","1,665.95","1,663.66","1,794.00","1,363.55","1,19,30,266","19,84,79,46,539.35","2,75,521"
"12-Sep-2024","EQ","1,654.00","1,670.00","1,647.05","1,643.90","1,661.45","1,666.60","1,659.83","1,794.00","1,363.55","1,62,12,023","26,90,91,82,591.25","2,66,121"
"11-Sep-2024","EQ","1,650.40","1,652.50","1,639.20","1,650.35","1,650.00","1,643.90","1,645.85","1,794.00","1,363.55","1,11,13,342","18,29,09,01,279.50","2,48,100"
"10-Sep-2024","EQ","1,654.00","1,654.00","1,638.00","1,646.50","1,650.80","1,650.35","1,648.20","1,794.00","1,363.55","1,33,03,323","21,92,65,34,318.85","3,06,124"
"09-Sep-2024","EQ","1,638.00","1,648.50","1,630.10","1,636.95","1,644.85","1,646.50","1,640.85","1,794.00","1,363.55","1,18,96,457","19,52,02,44,474.05","2,58,547"
"06-Sep-2024","EQ","1,638.30","1,647.75","1,634.10","1,645.45","1,638.15","1,636.95","1,639.77","1,794.00","1,363.55","1,30,14,801","21,34,13,04,566.10","2,96,891"
"05-Sep-2024","EQ","1,646.00","1,649.90","1,642.00","1,641.80","1,644.40","1,645.45","1,645.43","1,794.00","1,363.55","1,14,38,159","18,82,07,12,001.80","2,45,493"
"04-Sep-2024","EQ","1,639.00","1,644.80","1,632.00","1,637.35","1,641.05","1,641.80","1,639.54","1,794.00","1,363.55","1,23,41,372","20,23,42,15,559.05","2,94,496"
"03-Sep-2024","EQ","1,634.00","1,639.95","1,624.60","1,626.95","1,638.00","1,637.35","1,632.11","1,794.00","1,363.55","1,86,41,430","30,42,48,19,912.05","2,92,439"
"02-Sep-2024","EQ","1,646.80","1,646.80","1,623.20","1,636.90","1,626.00","1,626.95","1,631.94","1,794.00","1,363.55","1,70,24,840","27,78,34,83,803.95","3,75,245"
"30-Aug-2024","EQ","1,656.00","1,662.00","1,621.15","1,638.55","1,625.75","1,636.90","1,638.34","1,794.00","1,363.55","22,26,71,050","3,64,81,13,05,104.20","5,64,643"
"29-Aug-2024","EQ","1,642.00","1,644.40","1,631.15","1,637.10","1,639.95","1,638.55","1,637.56","1,794.00","1,363.55","2,45,26,302","40,16,32,06,501.15","4,32,962"
"28-Aug-2024","EQ","1,637.75","1,639.75","1,630.20","1,637.75","1,635.95","1,637.10","1,636.29","1,794.00","1,363.55","1,34,60,594","22,02,53,91,586.45","2,75,424"
"27-Aug-2024","EQ","1,643.40","1,647.40","1,632.20","1,639.95","1,634.45","1,637.75","1,639.59","1,794.00","1,363.55","1,78,86,622","29,32,67,92,469.00","2,92,507"
"26-Aug-2024","EQ","1,632.20","1,647.95","1,632.20","1,625.05","1,640.00","1,639.95","1,642.31","1,794.00","1,363.55","1,11,82,133","18,36,44,86,559.55","2,75,112"
"23-Aug-2024","EQ","1,634.00","1,634.00","1,623.00","1,631.30","1,625.20","1,625.05","1,627.63","1,794.00","1,363.55","1,01,66,711","16,54,76,68,751.15","2,12,238"
"22-Aug-2024","EQ","1,632.00","1,638.30","1,628.00","1,625.80","1,628.95","1,631.30","1,632.58","1,794.00","1,363.55","1,06,50,319","17,38,75,21,802.75","2,72,441"
"21-Aug-2024","EQ","1,628.10","1,634.55","1,617.80","1,637.70","1,628.00","1,625.80","1,624.85","1,794.00","1,363.55","2,38,15,452","38,69,65,27,016.25","3,23,415"
"20-Aug-2024","EQ","1,627.45","1,646.00","1,627.45","1,631.55","1,634.00","1,637.70","1,639.14","1,794.00","1,363.55","1,55,67,247","25,51,69,52,644.85","2,40,802"
"19-Aug-2024","EQ","1,637.65","1,637.65","1,623.70","1,632.10","1,632.75","1,631.55","1,628.46","1,794.00","1,363.55","97,51,082","15,87,92,78,800.80","1,66,314"
"16-Aug-2024","EQ","1,628.50","1,634.15","1,611.00","1,607.80","1,631.50","1,632.10","1,624.71","1,794.00","1,363.55","1,39,24,623","22,62,34,79,529.55","3,02,506"
"14-Aug-2024","EQ","1,606.50","1,613.70","1,603.20","1,603.20","1,607.80","1,607.80","1,607.97","1,794.00","1,363.55","1,61,67,214","25,99,64,12,110.40","2,59,067"
"13-Aug-2024","EQ","1,628.00","1,632.40","1,601.15","1,660.10","1,605.90","1,603.20","1,613.32","1,794.00","1,363.55","2,70,27,521","43,60,41,63,966.10","6,01,558"
"12-Aug-2024","EQ","1,652.00","1,675.95","1,647.35","1,650.20","1,660.00","1,660.10","1,664.63","1,794.00","1,363.55","1,96,58,098","32,72,35,06,965.00","3,63,538"
"09-Aug-2024","EQ","1,652.00","1,662.55","1,645.80","1,642.70","1,650.00","1,650.20","1,655.58","1,794.00","1,363.55","1,33,22,309","22,05,61,57,155.50","2,91,916"
"08-Aug-2024","EQ","1,624.00","1,653.30","1,619.25","1,623.50","1,640.20","1,642.70","1,638.73","1,794.00","1,363.55","1,69,88,475","27,83,95,62,575.60","3,27,468"
"07-Aug-2024","EQ","1,617.00","1,630.00","1,602.20","1,601.20","1,628.50","1,623.50","1,617.23","1,794.00","1,363.55","2,11,73,132","34,24,18,47,264.50","3,37,720"
"06-Aug-2024","EQ","1,630.00","1,632.95","1,593.30","1,615.75","1,602.70","1,601.20","1,608.02","1,794.00","1,363.55","2,25,58,025","36,27,38,37,922.85","3,88,854"
"05-Aug-2024","EQ","1,640.10","1,646.00","1,601.00","1,659.15","1,616.05","1,615.75","1,622.77","1,794.00","1,363.55","2,06,66,817","33,53,74,31,288.70","4,64,696"
"02-Aug-2024","EQ","1,631.00","1,670.50","1,631.00","1,638.80","1,658.05","1,659.15","1,658.62","1,794.00","1,363.55","2,20,59,619","36,58,86,23,126.10","4,57,935"
"01-Aug-2024","EQ","1,622.90","1,650.05","1,617.95","1,615.75","1,647.65","1,638.80","1,632.59","1,794.00","1,363.55","1,31,07,587","21,39,93,47,523.90","2,87,915"
"31-Jul-2024","EQ","1,614.00","1,627.90","1,609.20","1,615.55","1,617.95","1,615.75","1,617.31","1,794.00","1,363.55","1,89,10,242","30,58,38,06,061.70","3,34,519"
"30-Jul-2024","EQ","1,602.00","1,634.75","1,599.00","1,605.05","1,614.20","1,615.55","1,615.74","1,794.00","1,363.55","2,72,97,917","44,10,64,24,811.40","4,55,812"
"29-Jul-2024","EQ","1,615.00","1,631.85","1,598.30","1,618.15","1,605.00","1,605.05","1,611.97","1,794.00","1,363.55","2,55,00,574","41,10,61,52,746.35","4,72,326"
"26-Jul-2024","EQ","1,605.00","1,621.75","1,596.45","1,616.60","1,616.30","1,618.15","1,609.37","1,794.00","1,363.55","2,19,05,270","35,25,36,30,971.05","3,55,180"
"25-Jul-2024","EQ","1,593.00","1,625.00","1,593.00","1,604.05","1,616.75","1,616.60","1,613.59","1,794.00","1,363.55","1,27,67,866","20,60,20,46,896.30","2,79,974"
"24-Jul-2024","EQ","1,608.15","1,621.00","1,588.05","1,618.40","1,608.35","1,604.05","1,604.13","1,794.00","1,363.55","3,08,64,103","49,50,99,47,077.30","4,32,932"
"23-Jul-2024","EQ","1,647.55","1,647.80","1,605.00","1,642.55","1,616.60","1,618.40","1,623.96","1,794.00","1,363.55","2,60,01,076","42,22,47,80,773.65","4,49,509"
"22-Jul-2024","EQ","1,617.00","1,651.00","1,612.65","1,607.30","1,642.00","1,642.55","1,637.66","1,794.00","1,363.55","2,68,72,411","44,00,79,04,357.70","5,48,620"
"19-Jul-2024","EQ","1,616.00","1,623.00","1,603.50","1,614.80","1,605.00","1,607.30","1,609.91","1,794.00","1,363.55","1,30,01,076","20,93,05,35,372.85","2,76,983"
"18-Jul-2024","EQ","1,608.00","1,623.95","1,599.15","1,619.75","1,615.00","1,614.80","1,613.29","1,794.00","1,363.55","1,68,58,532","27,19,76,55,556.65","3,32,318"
"16-Jul-2024","EQ","1,620.75","1,627.00","1,616.80","1,622.10","1,621.00","1,619.75","1,621.84","1,794.00","1,363.55","1,44,75,162","23,47,63,41,772.45","2,69,979"
"15-Jul-2024","EQ","1,623.50","1,629.80","1,615.20","1,622.70","1,623.00","1,622.10","1,622.00","1,794.00","1,363.55","1,66,87,847","27,06,76,66,840.40","2,17,738"
"12-Jul-2024","EQ","1,622.00","1,638.40","1,611.15","1,621.90","1,627.55","1,622.70","1,624.06","1,794.00","1,363.55","2,80,24,980","45,51,42,20,345.85","3,32,780"
"11-Jul-2024","EQ","1,623.95","1,625.85","1,601.00","1,626.10","1,623.00","1,621.90","1,612.69","1,794.00","1,363.55","2,20,88,537","35,62,18,65,220.10","4,83,343"
"10-Jul-2024","EQ","1,629.95","1,640.00","1,620.75","1,636.50","1,628.70","1,626.10","1,627.60","1,794.00","1,363.55","2,27,53,591","37,03,37,58,498.90","4,05,034"
"09-Jul-2024","EQ","1,625.00","1,646.70","1,620.35","1,635.35","1,638.80","1,636.50","1,638.53","1,794.00","1,363.55","2,42,75,439","39,77,60,84,749.70","4,42,487"
"08-Jul-2024","EQ","1,645.30","1,654.95","1,627.15","1,648.10","1,636.35","1,635.35","1,640.07","1,794.00","1,363.55","1,95,43,900","32,05,33,06,234.35","3,24,769"
"05-Jul-2024","EQ","1,685.00","1,685.00","1,642.20","1,727.15","1,649.40","1,648.10","1,656.79","1,794.00","1,363.55","4,11,21,274","68,12,92,39,005.75","11,17,072"
"04-Jul-2024","EQ","1,759.75","1,759.75","1,724.85","1,768.65","1,728.00","1,727.15","1,735.22","1,794.00","1,363.55","2,29,24,329","39,77,87,17,290.50","4,05,416"
"03-Jul-2024","EQ","1,791.00","1,794.00","1,764.65","1,730.60","1,767.70","1,768.65","1,776.87","1,794.00","1,363.55","6,16,08,901","1,09,47,08,77,766.90","8,46,404"
"02-Jul-2024","EQ","1,715.00","1,734.90","1,702.75","1,705.20","1,728.00","1,730.60","1,722.46","1,757.50","1,363.55","2,29,60,845","39,54,91,18,301.05","4,86,972"
"01-Jul-2024","EQ","1,680.00","1,707.30","1,680.00","1,683.80","1,704.20","1,705.20","1,699.74","1,757.50","1,363.55","1,05,93,512","18,00,61,89,828.25","3,55,235"
"28-Jun-2024","EQ","1,697.60","1,706.60","1,679.00","1,696.15","1,685.00","1,683.80","1,692.59","1,757.50","1,363.55","1,32,38,023","22,40,65,74,604.55","3,12,550"
"27-Jun-2024","EQ","1,696.10","1,713.00","1,686.60","1,701.50","1,696.45","1,696.15","1,697.92","1,757.50","1,363.55","2,75,37,325","46,75,61,42,645.90","5,86,504"
"26-Jun-2024","EQ","1,707.95","1,710.90","1,691.10","1,711.35","1,693.50","1,701.50","1,703.01","1,757.50","1,363.55","2,37,98,333","40,52,88,70,562.05","4,24,591"
"25-Jun-2024","EQ","1,671.10","1,716.95","1,671.10","1,672.40","1,707.00","1,711.35","1,705.04","1,757.50","1,363.55","3,72,60,774","63,53,11,28,010.50","6,90,683"
"24-Jun-2024","EQ","1,647.00","1,675.10","1,645.75","1,665.75","1,671.00","1,672.40","1,664.93","1,757.50","1,363.55","1,42,72,497","23,76,26,44,259.60","3,87,580"
"21-Jun-2024","EQ","1,672.85","1,672.85","1,643.15","1,669.35","1,661.65","1,665.75","1,658.68","1,757.50","1,363.55","2,58,15,388","42,81,94,37,838.90","4,08,577"
"20-Jun-2024","EQ","1,669.80","1,681.45","1,652.00","1,657.85","1,667.25","1,669.35","1,667.89","1,757.50","1,363.55","2,07,04,371","34,53,26,04,621.85","4,65,827"
"19-Jun-2024","EQ","1,613.40","1,669.90","1,604.00","1,607.80","1,657.00","1,657.85","1,644.44","1,757.50","1,363.55","4,50,65,598","74,10,75,87,437.40","7,09,705"
"18-Jun-2024","EQ","1,596.90","1,610.50","1,589.45","1,596.90","1,608.00","1,607.80","1,604.04","1,757.50","1,363.55","1,62,07,857","25,99,80,73,833.50","3,53,540"
"14-Jun-2024","EQ","1,584.00","1,599.00","1,577.70","1,580.75","1,595.60","1,596.90","1,592.12","1,757.50","1,363.55","1,27,70,277","20,33,18,73,861.15","3,20,179"
"13-Jun-2024","EQ","1,581.75","1,585.70","1,574.00","1,574.15","1,581.20","1,580.75","1,581.85","1,757.50","1,363.55","1,20,60,096","19,07,72,28,502.15","2,81,276"
"12-Jun-2024","EQ","1,575.00","1,588.30","1,566.40","1,564.80","1,569.00","1,574.15","1,576.98","1,757.50","1,363.55","1,96,40,218","30,97,22,87,118.05","3,41,079"
"11-Jun-2024","EQ","1,556.00","1,571.00","1,552.20","1,561.30","1,563.05","1,564.80","1,564.24","1,757.50","1,363.55","1,47,72,663","23,10,79,28,769.20","4,58,802"
"10-Jun-2024","EQ","1,574.00","1,580.65","1,557.60","1,573.35","1,559.55","1,561.30","1,566.93","1,757.50","1,363.55","1,12,27,029","17,59,19,12,808.65","3,14,062"
"07-Jun-2024","EQ","1,561.05","1,584.35","1,552.05","1,559.70","1,575.00","1,573.35","1,572.47","1,757.50","1,363.55","1,83,56,108","28,86,44,83,389.90","4,16,517"
"06-Jun-2024","EQ","1,564.90","1,565.45","1,546.60","1,551.80","1,559.50","1,559.70","1,557.00","1,757.50","1,363.55","2,32,11,435","36,14,02,49,317.55","5,99,204"
"05-Jun-2024","EQ","1,494.05","1,559.60","1,482.35","1,483.15","1,545.85","1,551.80","1,523.83","1,757.50","1,363.55","4,08,15,825","62,19,63,52,485.40","6,50,501"
"04-Jun-2024","EQ","1,557.00","1,559.00","1,454.00","1,572.20","1,489.75","1,483.15","1,504.91","1,757.50","1,363.55","4,47,65,620","67,36,84,18,218.55","7,86,620"
"03-Jun-2024","EQ","1,599.00","1,599.00","1,550.00","1,531.55","1,573.00","1,572.20","1,567.87","1,757.50","1,363.55","3,63,18,628","56,94,29,88,275.80","5,84,235"
"31-May-2024","EQ","1,519.00","1,536.00","1,514.00","1,514.85","1,525.95","1,531.55","1,528.77","1,757.50","1,363.55","3,70,39,794","56,62,52,43,621.65","4,74,591"
"30-May-2024","EQ","1,499.20","1,523.60","1,497.65","1,508.30","1,518.30","1,514.85","1,513.96","1,757.50","1,363.55","1,68,77,675","25,55,22,06,595.80","4,09,393"
"29-May-2024","EQ","1,518.00","1,523.85","1,501.25","1,530.50","1,506.00","1,508.30","1,510.22","1,757.50","1,363.55","1,75,73,853","26,54,04,04,866.50","3,24,703"
"28-May-2024","EQ","1,530.10","1,536.05","1,524.80","1,527.70","1,528.60","1,530.50","1,531.14","1,757.50","1,363.55","1,39,54,452","21,36,62,45,980.65","2,87,323"
"27-May-2024","EQ","1,523.35","1,545.00","1,519.05","1,517.20","1,528.00","1,527.70","1,533.69","1,757.50","1,363.55","1,46,92,720","22,53,40,43,945.55","3,60,983"
"24-May-2024","EQ","1,487.50","1,519.90","1,486.00","1,492.60","1,516.50","1,517.20","1,507.33","1,757.50","1,363.55","1,55,30,103","23,40,89,82,967.80","3,25,557"
"23-May-2024","EQ","1,458.65","1,495.65","1,457.05","1,459.20","1,492.85","1,492.60","1,477.10","1,757.50","1,363.55","2,04,30,960","30,17,85,06,688.95","3,37,200"
"22-May-2024","EQ","1,457.85","1,465.60","1,448.15","1,458.80","1,463.75","1,459.20","1,456.24","1,757.50","1,363.55","1,99,98,139","29,12,21,60,427.50","3,94,368"
"21-May-2024","EQ","1,450.10","1,469.70","1,450.10","1,466.05","1,457.20","1,458.80","1,460.08","1,757.50","1,363.55","2,18,84,989","31,95,37,90,444.80","4,13,346"
"18-May-2024","EQ","1,466.00","1,467.10","1,463.05","1,464.10","1,466.35","1,466.05","1,465.57","1,757.50","1,363.55","5,28,557","77,46,36,045.30","15,995"
"17-May-2024","EQ","1,446.20","1,468.00","1,446.20","1,460.25","1,463.00","1,464.10","1,461.22","1,757.50","1,363.55","1,04,60,095","15,28,45,49,919.50","2,68,477"
"16-May-2024","EQ","1,446.05","1,462.55","1,435.50","1,438.50","1,459.75","1,460.25","1,449.96","1,757.50","1,363.55","1,74,72,618","25,33,45,16,598.70","3,82,855"
"15-May-2024","EQ","1,459.70","1,459.70","1,435.80","1,460.95","1,440.80","1,438.50","1,443.04","1,757.50","1,363.55","1,94,65,998","28,09,02,23,298.30","3,93,567"
"14-May-2024","EQ","1,452.25","1,465.50","1,450.30","1,455.25","1,461.60","1,460.95","1,459.59","1,757.50","1,363.55","1,28,32,571","18,73,03,07,625.40","3,15,935"
"13-May-2024","EQ","1,432.00","1,459.80","1,430.30","1,437.90","1,456.50","1,455.25","1,447.14","1,757.50","1,363.55","1,35,23,601","19,57,05,07,197.60","4,63,000"
"10-May-2024","EQ","1,439.00","1,451.95","1,426.80","1,447.50","1,439.85","1,437.90","1,440.93","1,757.50","1,363.55","1,36,38,304","19,65,18,68,794.15","3,68,755"
"09-May-2024","EQ","1,474.95","1,486.75","1,445.30","1,482.65","1,450.80","1,447.50","1,461.55","1,757.50","1,363.55","2,31,40,639","33,82,11,48,758.20","6,69,580"
"08-May-2024","EQ","1,495.95","1,496.95","1,480.35","1,506.15","1,483.50","1,482.65","1,486.59","1,757.50","1,363.55","2,08,43,931","30,98,64,22,880.60","4,65,848"
"07-May-2024","EQ","1,521.95","1,524.05","1,504.15","1,522.65","1,505.10","1,506.15","1,510.70","1,757.50","1,363.55","1,42,40,301","21,51,28,20,634.10","3,44,750"
"06-May-2024","EQ","1,522.00","1,534.50","1,517.15","1,519.60","1,523.75","1,522.65","1,525.73","1,757.50","1,363.55","1,43,96,698","21,96,54,19,859.10","2,90,222"
"03-May-2024","EQ","1,533.25","1,540.60","1,507.20","1,532.25","1,515.65","1,519.60","1,521.12","1,757.50","1,363.55","1,59,32,621","24,23,54,95,414.80","3,09,946"
"02-May-2024","EQ","1,522.00","1,537.00","1,520.35","1,520.10","1,532.90","1,532.25","1,531.60","1,757.50","1,363.55","1,67,37,503","25,63,51,47,567.95","3,67,994"